Rochelle,Lamb,health visitor,home care, 
Delia,Crawford,health visitor,home care, 
Glenn,Hammond,health visitor,home care, 
Sheila,Drake,health visitor,home care, 
Lora,Fernandez,health visitor,home care, 
Allen,Lopez,health visitor,home care, 
Elsa,Haynes,health visitor,home care, 
Jana,Rose,health visitor,home care, 
Daniel,Salazar,health visitor,home care, 
Pat,Thompson,health visitor,home care, 
Jeremy,Richardson,health visitor,home care, 
Leslie,Montgomery,health visitor,home care, 
Marlene,Clarke,health visitor,home care, 
Kurt,Stanley,health visitor,home care, 
Randall,Mccormick,health visitor,home care, 
Keith,Cruz,health visitor,home care, 
Chester,Gill,health visitor,home care, 
Caroline,Barber,health visitor,home care, 
Christy,Jacobs,health visitor,home care, 
Joanna,Doyle,health visitor,home care, 
Andy,Warren,health visitor,home care, 
Neil,Peters,health visitor,home care, 
Misty,Clayton,health visitor,home care, 
Bob,Hale,health visitor,home care, 
Heather,Fitzgerald,health visitor,home care, 
Mitchell,Adams,health visitor,home care, 
Clara,Willis,health visitor,home care, 
Elijah,Smith,health visitor,home care, 
Traci,Day,health visitor,home care, 
Angie,Hawkins,health visitor,home care, 
Krystal,Barrett,health visitor,home care, 
Deanna,Evans,health visitor,home care, 
Wm,Reed,health visitor,home care, 
Ronald,Franklin,health visitor,home care, 
Essie,Cox,health visitor,home care, 
Jon,Williamson,health visitor,home care, 
Andrea,Hoffman,health visitor,home care, 
Alton,Nguyen,health visitor,home care, 
Edna,Cohen,health visitor,home care, 
Helen,Abbott,health visitor,home care, 
Ernesto,Grant,health visitor,home care, 
Brittany,Howell,health visitor,home care, 
Ismael,Schultz,health visitor,home care, 
Lucas,Robbins,health visitor,home care, 
Sophia,Mitchell,health visitor,home care, 
Sarah,Reyes,health visitor,home care, 
Kayla,Schneider,health visitor,home care, 
John,Walsh,health visitor,home care, 
Ellen,Moore,health visitor,home care, 
Kristin,Lowe,health visitor,home care, 
Terri,Stevens,health visitor,home care, 
Allison,Simon,health visitor,home care, 
Pat,Larson,health visitor,home care, 
Otis,Fowler,health visitor,home care, 
Kristen,Colon,health visitor,home care, 
Inez,Rhodes,health visitor,home care, 
David,Daniels,health visitor,home care, 
Bethany,Strickland,health visitor,home care, 
Julia,Watkins,health visitor,home care, 
Maurice,Sparks,health visitor,home care, 
Ruth,Keller,health visitor,home care, 
Max,Graham,health visitor,home care, 
Forrest,Scott,health visitor,home care, 
Wendy,Holmes,health visitor,home care, 
Wesley,Becker,health visitor,home care, 
Teri,Jensen,health visitor,home care, 
Sonja,Jennings,health visitor,home care, 
Chelsea,Caldwell,health visitor,home care, 
Nelson,Roy,health visitor,home care, 
Wallace,Marshall,health visitor,home care, 
Jody,Rivera,health visitor,home care, 
Elvira,Reese,health visitor,home care, 
Phil,Chavez,health visitor,home care, 
Salvatore,Cole,health visitor,home care, 
Dominic,Wagner,health visitor,home care, 
Georgia,Cross,health visitor,home care, 
Jeff,Norman,health visitor,home care, 
Roger,Benson,health visitor,home care, 
Kelli,Little,health visitor,home care, 
Wilbert,Mckenzie,health visitor,home care, 
Maria,Perez,health visitor,home care, 
Patsy,Mendez,health visitor,home care, 
Becky,Kim,health visitor,home care, 
Velma,Conner,health visitor,home care, 
Armando,Garcia,health visitor,home care, 
Luther,Gordon,health visitor,home care, 
Cynthia,Fletcher,health visitor,home care, 
Alejandro,Bell,health visitor,home care, 
Kelly,Murphy,health visitor,home care, 
Lucille,Vega,health visitor,home care, 
Edmund,Bryant,health visitor,home care, 
Clayton,Reynolds,health visitor,home care, 
Sherri,Diaz,health visitor,home care, 
Lynn,Dixon,health visitor,home care, 
Rebecca,Newton,health visitor,home care, 
Ignacio,Bradley,health visitor,home care, 
Sonya,Pittman,health visitor,home care, 
Vernon,Gray,receptionist,administration, 
Minnie,Goodwin,receptionist,administration, 
Dorothy,Graves,receptionist,administration, 
Kay,Grant,receptionist,administration, 
Jim,Morris,receptionist,administration, 
Dawn,Shelton,receptionist,administration, 
Erica,Freeman,receptionist,administration, 
Kate,Wilkerson,receptionist,administration, 
Horace,Curry,receptionist,administration, 
Ebony,Castillo,receptionist,administration, 
Hugh,Reid,receptionist,administration, 
Nathaniel,Carter,receptionist,administration, 
Rodney,Wood,receptionist,administration, 
Spencer,Chavez,receptionist,administration, 
Orlando,Stokes,receptionist,administration, 
Jason,Owen,receptionist,administration, 
Carl,Burton,receptionist,administration, 
Otis,Daniel,receptionist,administration, 
Jamie,Dennis,receptionist,administration, 
Meghan,Ward,receptionist,administration, 
Angelina,Kim,receptionist,administration, 
Albert,Hawkins,manager,administration, 
Carrie,Perry,manager,home care, 
Alex,Coleman,manager,home care, 
Andy,Hardy,manager,home care, 
Leon,Hogan,manager,clinic treatment, 
Amelia,Nelson,manager,clinic treatment, 
Mona,Townsend,manager,clinic treatment, 
Laura,Chambers,manager,clinic treatment, 
Rita,Alvarez,manager,clinic treatment, 
Casey,Anderson,manager,clinic treatment, 
Clinton,Tyler,manager,accident and emergency unit, 
Velma,Ortiz,manager,accident and emergency unit, 
Hubert,Holland,doctor,accident and emergency unit, 
Cornelius,Bowman,doctor,accident and emergency unit, 
Tyrone,Gibson,doctor,accident and emergency unit, 
Maryann,Caldwell,doctor,accident and emergency unit, 
Ervin,Allen,doctor,accident and emergency unit, 
Brandy,Gonzalez,doctor,accident and emergency unit, 
Dan,Ferguson,doctor,accident and emergency unit, 
Blake,Mathis,doctor,accident and emergency unit, 
Wilson,Morrison,doctor,accident and emergency unit, 
Ramon,Todd,doctor,accident and emergency unit, 
Ross,Norris,doctor,accident and emergency unit, 
Catherine,Wade,doctor,accident and emergency unit, 
Franklin,Black,doctor,accident and emergency unit, 
May,Rodriguez,doctor,accident and emergency unit, 
Ollie,Carr,doctor,accident and emergency unit, 
Marsha,Adkins,assistant,accident and emergency unit, 
Amy,Brown,assistant,accident and emergency unit, 
Anna,Welch,assistant,accident and emergency unit, 
Karl,Baker,assistant,accident and emergency unit, 
Aubrey,Spencer,assistant,accident and emergency unit, 
Salvador,Griffith,assistant,accident and emergency unit, 
Pauline,Santiago,assistant,accident and emergency unit, 
Marian,Williamson,assistant,accident and emergency unit, 
Lola,Briggs,assistant,accident and emergency unit, 
Eunice,Wright,assistant,accident and emergency unit, 
Van,Potter,assistant,accident and emergency unit, 
Loretta,Romero,assistant,accident and emergency unit, 
Elmer,Larson,assistant,accident and emergency unit, 
Mindy,Henderson,assistant,accident and emergency unit, 
Janis,Fuller,psychiatrist,clinic treatment, 
Kent,Phelps,psychiatrist,clinic treatment, 
Carolyn,Perkins,psychiatrist,clinic treatment, 
Jenny,Crawford,psychiatrist,clinic treatment, 
Kathy,Wolfe,psychiatrist,clinic treatment, 
Marlon,Moore,psychiatrist,clinic treatment, 
Erin,Copeland,psychiatrist,clinic treatment, 
Jesus,Mason,psychiatrist,clinic treatment, 
Stacey,Burns,psychiatrist,clinic treatment, 
Olive,Soto,psychiatrist,clinic treatment, 
Grace,Greene,psychiatrist,clinic treatment, 
Gilberto,Flowers,psychiatrist,clinic treatment, 
Francis,Dawson,psychiatrist,clinic treatment, 
Darrin,Price,psychiatrist,clinic treatment, 
Raymond,Garrett,psychiatrist,clinic treatment, 
Claudia,Nash,psychiatrist,clinic treatment, 
Harry,Weber,psychiatrist,clinic treatment, 
Rosalie,Guzman,psychiatrist,clinic treatment, 
Abraham,Ryan,psychiatrist,clinic treatment, 
Ivan,Burke,psychiatrist,clinic treatment, 
Shawn,Bell,psychiatrist,clinic treatment, 
Ed,Erickson,psychiatrist,clinic treatment, 
Stuart,Diaz,psychiatrist,clinic treatment, 
Gerald,Torres,psychiatrist,clinic treatment, 
Lance,Riley,psychiatrist,clinic treatment, 
Brendan,Montgomery,psychiatrist,clinic treatment, 
Terrance,Mccoy,psychiatrist,clinic treatment, 
Erick,Pope,psychiatrist,clinic treatment, 
Juanita,Harrison,psychiatrist,clinic treatment, 
Jeanne,Butler,psychiatrist,clinic treatment, 
Domingo,Mendez,psychiatrist,clinic treatment, 
Joe,Cox,psychiatrist,clinic treatment, 
Leroy,Francis,psychiatrist,clinic treatment, 
Mark,Hodges,psychiatrist,clinic treatment, 
Irma,Quinn,psychiatrist,clinic treatment, 
Rebecca,Fitzgerald,psychiatrist,clinic treatment, 
Maggie,Harvey,psychiatrist,clinic treatment, 
Tommy,Abbott,psychiatrist,clinic treatment, 
David,Marsh,psychiatrist,clinic treatment, 
Ellen,Bowers,psychiatrist,clinic treatment, 
Alan,Warner,psychiatrist,clinic treatment, 
Vicky,Cain,psychiatrist,clinic treatment, 
Kathleen,Andrews,psychiatrist,clinic treatment, 
Fannie,Medina,psychiatrist,clinic treatment, 
Pat,Lynch,psychiatrist,clinic treatment, 
Cedric,Morgan,psychiatrist,clinic treatment, 
Corey,Alvarez,psychiatrist,clinic treatment, 
Earl,Mann,psychiatrist,clinic treatment, 
Leah,Hunt,psychiatrist,clinic treatment, 
Nicole,Howard,psychiatrist,clinic treatment, 
Wanda,Williams,psychiatrist,clinic treatment, 
Ellen,Walton,psychiatrist,clinic treatment, 
Erma,Simpson,psychiatrist,clinic treatment, 
Seth,Holland,psychiatrist,clinic treatment, 
Troy,Hopkins,psychiatrist,clinic treatment, 
Luz,Roberts,psychiatrist,clinic treatment, 
Sherry,Banks,psychiatrist,clinic treatment, 
Laurence,Barton,psychiatrist,clinic treatment, 
Jose,Kelly,psychiatrist,clinic treatment, 
Ellis,Hogan,psychiatrist,clinic treatment, 
Glen,Caldwell,psychiatrist,clinic treatment, 
Leo,Hardy,psychiatrist,clinic treatment, 
Sean,Burns,doctor,clinic treatment, 
Mark,Woods,doctor,clinic treatment, 
Carmen,White,doctor,clinic treatment, 
Jennifer,Vaughn,doctor,clinic treatment, 
Beatrice,Moore,doctor,clinic treatment, 
Karla,Wilkerson,doctor,clinic treatment, 
Raquel,Pierce,doctor,clinic treatment, 
Ernest,Pittman,doctor,clinic treatment, 
Johnnie,Floyd,doctor,clinic treatment, 
Kimberly,Francis,doctor,clinic treatment, 
Desiree,Greer,doctor,clinic treatment, 
Geneva,Bowen,doctor,clinic treatment, 
Heidi,Larson,doctor,clinic treatment, 
Mindy,Vasquez,doctor,clinic treatment, 
Bryant,Watson,doctor,clinic treatment, 
Terry,Nunez,doctor,clinic treatment, 
Silvia,Reynolds,doctor,clinic treatment, 
Francisco,Young,doctor,clinic treatment, 
Pete,Mccoy,doctor,clinic treatment, 
Tonya,Waters,doctor,clinic treatment, 
Donna,Norman,doctor,clinic treatment, 
Alfred,Bryan,doctor,clinic treatment, 
Bridget,Castillo,doctor,clinic treatment, 
Estelle,Day,doctor,clinic treatment, 
Wilfred,Harvey,doctor,clinic treatment, 
Dewey,Taylor,doctor,clinic treatment, 
Johanna,Olson,doctor,clinic treatment, 
Brendan,Morton,doctor,clinic treatment, 
Nathan,Byrd,doctor,clinic treatment, 
Dorothy,Lawrence,doctor,clinic treatment, 
Camille,Neal,doctor,clinic treatment, 
Leonard,Robbins,doctor,clinic treatment, 
Guadalupe,Barrett,doctor,clinic treatment, 
Katrina,Blake,doctor,clinic treatment, 
Stephen,Mack,assistant,clinic treatment, 
Wesley,Holt,assistant,clinic treatment, 
Elaine,Daniels,assistant,clinic treatment, 
Gerard,Fletcher,assistant,clinic treatment, 
Duane,Stevenson,assistant,clinic treatment, 
Jody,Cunningham,assistant,clinic treatment, 
Anthony,Newton,assistant,clinic treatment, 
Guy,Erickson,assistant,clinic treatment, 
Stacey,Hernandez,assistant,clinic treatment, 
Roberto,Schneider,assistant,clinic treatment, 
Dale,Walters,assistant,clinic treatment, 
Stuart,Palmer,assistant,clinic treatment, 
Israel,Carson,assistant,clinic treatment, 
Marcus,Mccarthy,assistant,clinic treatment, 
Adrienne,Mendoza,assistant,clinic treatment, 
Glenda,Leonard,assistant,clinic treatment, 
Lonnie,Rodgers,assistant,clinic treatment, 
Holly,Rodriquez,assistant,clinic treatment, 
Stanley,Aguilar,assistant,clinic treatment, 
Patsy,Collier,assistant,clinic treatment, 
Tammy,Ballard,assistant,clinic treatment, 
Cary,Buchanan,assistant,clinic treatment, 
Andy,Washington,assistant,clinic treatment, 
Guadalupe,Price,assistant,clinic treatment, 
Pam,Porter,assistant,clinic treatment, 
Victoria,Townsend,assistant,clinic treatment, 
Robert,Summers,assistant,clinic treatment, 
Dave,Ramirez,assistant,clinic treatment, 
Ebony,Bell,assistant,clinic treatment, 
Oliver,Maxwell,assistant,clinic treatment, 
Kelli,Myers,assistant,clinic treatment, 
Eva,Douglas,assistant,clinic treatment, 
Sarah,Johnson,assistant,clinic treatment, 
Timmy,Mendez,assistant,clinic treatment, 
Edna,Walsh,assistant,clinic treatment, 
Johnnie,Briggs,assistant,clinic treatment, 
Isabel,Wallace,assistant,clinic treatment, 
Jana,Sandoval,assistant,clinic treatment, 
Frederick,Weber,assistant,clinic treatment, 
Edwin,Holmes,assistant,clinic treatment, 
Sheri,Garcia,assistant,clinic treatment, 
Hazel,Roy,assistant,clinic treatment, 
Mercedes,Delgado,assistant,clinic treatment, 
Stacy,George,assistant,clinic treatment, 
Joey,Hunter,assistant,clinic treatment, 
